nome_mun,curso,ano,comunicacao,ac_convite,status,obs
Alagoinhas,NISP I - BASICO - 08/2023,2023,SEI,,Atendido,
Amargosa,NISP I - BASICO - 08/2023,2023,,,Atendido,
Cachoeira,NISP I - BASICO - 08/2023,2023,,,Atendido,
Cairu,NISP I - BASICO - 08/2023,2023,,,Atendido,
Candeias,NISP I - BASICO - 08/2023,2023,,,Atendido,
Cruz Das Almas,NISP I - BASICO - 08/2023,2023,,,Atendido,
Esplanada,NISP I - BASICO - 08/2023,2023,,,Atendido,
Eunápolis,NISP I - BASICO - 08/2023,2023,,,Atendido,
Fátima,NISP I - BASICO - 08/2023,2023,,,Atendido,
Feira De Santana,NISP I - BASICO - 08/2023,2023,,,Atendido,
Gandu,NISP I - BASICO - 08/2023,2023,,,Atendido,
Ilhéus,NISP I - BASICO - 08/2023,2023,,,Atendido,
Itabuna,NISP I - BASICO - 08/2023,2023,,,Atendido,
Jacobina,NISP I - BASICO - 08/2023,2023,,,Atendido,
Jequié,NISP I - BASICO - 08/2023,2023,,,Não Atendido,
Lauro De Freitas,NISP I - BASICO - 08/2023,2023,,,Atendido,
Luís Eduardo Magalhães,NISP I - BASICO - 08/2023,2023,,,Atendido,
Porto Seguro,NISP I - BASICO - 08/2023,2023,,,Atendido,
Salvador,NISP I - BASICO - 08/2023,2023,,,Atendido,
Santa Inês,NISP I - BASICO - 08/2023,2023,,,Atendido,
Santo Antônio De Jesus,NISP I - BASICO - 08/2023,2023,,,Atendido,
Serrinha,NISP I - BASICO - 08/2023,2023,,,Atendido,
Teixeira De Freitas,NISP I - BASICO - 08/2023,2023,,,Atendido,
Vitória Da Conquista,NISP I - BASICO - 08/2023,2023,,,Atendido,
Água Fria,NISP II - BASICO - 05/2024,2024,,,Atendido,
Alagoinhas,NISP II - BASICO - 05/2024,2024,,,Atendido,
Amargosa,NISP II - BASICO - 05/2024,2024,,,Atendido,
Cachoeira,NISP II - BASICO - 05/2024,2024,,,Atendido,
Cairu,NISP II - BASICO - 05/2024,2024,,,Atendido,
Candeal,NISP II - BASICO - 05/2024,2024,,,Atendido,
Candeias,NISP II - BASICO - 05/2024,2024,,,Atendido,
Euclides Da Cunha,NISP II - BASICO - 05/2024,2024,,,Atendido,
Eunápolis,NISP II - BASICO - 05/2024,2024,,,Atendido,
Fátima,NISP II - BASICO - 05/2024,2024,,,Atendido,
Feira De Santana,NISP II - BASICO - 05/2024,2024,,,Atendido,
Gandu,NISP II - BASICO - 05/2024,2024,,,Não Atendido,Efetivo convocado não compareceu
Ichu,NISP II - BASICO - 05/2024,2024,,,Não Atendido,Efetivo convocado não compareceu
Ilhéus,NISP II - BASICO - 05/2024,2024,,,Atendido,
Itagi,NISP II - BASICO - 05/2024,2024,,,Atendido,
Jequié,NISP II - BASICO - 05/2024,2024,,,Atendido,
Jussari,NISP II - BASICO - 05/2024,2024,,,Atendido,
Lauro De Freitas,NISP II - BASICO - 05/2024,2024,,,Atendido,
Luís Eduardo Magalhães,NISP II - BASICO - 05/2024,2024,,,Atendido,
Mata De São João,NISP II - BASICO - 05/2024,2024,,,Atendido,
Muritiba,NISP II - BASICO - 05/2024,2024,,,Atendido,
Pojuca,NISP II - BASICO - 05/2024,2024,,,Atendido,
Porto Seguro,NISP II - BASICO - 05/2024,2024,,,Atendido,
Ribeira Do Pombal,NISP II - BASICO - 05/2024,2024,,,Atendido,
Salvador,NISP II - BASICO - 05/2024,2024,,,Atendido,
Santo Antônio De Jesus,NISP II - BASICO - 05/2024,2024,,,Atendido,
Teixeira De Freitas,NISP II - BASICO - 05/2024,2024,,,Atendido,
Vitória Da Conquista,NISP II - BASICO - 05/2024,2024,,,Atendido,
Amargosa,NISP III - BASICO - 04/2025,2025,,,Atendido,
Brejões,NISP III - BASICO - 04/2025,2025,,,Atendido,
Cairu,NISP III - BASICO - 04/2025,2025,,,Atendido,
Encruzilhada,NISP III - BASICO - 04/2025,2025,,,Atendido,
Eunápolis,NISP III - BASICO - 04/2025,2025,,,Atendido,
Feira De Santana,NISP III - BASICO - 04/2025,2025,,,Atendido,
Itabela,NISP III - BASICO - 04/2025,2025,,,Não Atendido,Efetivo convocado não compareceu
Itororó,NISP III - BASICO - 04/2025,2025,,,Atendido,
Ituberá,NISP III - BASICO - 04/2025,2025,,,Atendido,
Jequié,NISP III - BASICO - 04/2025,2025,,,Atendido,
Juazeiro,NISP III - BASICO - 04/2025,2025,,,Atendido,
Mata de São João,NISP III - BASICO - 04/2025,2025,,,Atendido,
Mirangaba,NISP III - BASICO - 04/2025,2025,,,Atendido,
Paulo Afonso,NISP III - BASICO - 04/2025,2025,,,Não Atendido,Efetivo convocado não compareceu
Salvador,NISP III - BASICO - 04/2025,2025,,,Atendido,
Simões Filho,NISP III - BASICO - 04/2025,2025,,,Atendido,
Teixeira de Freitas,NISP III - BASICO - 04/2025,2025,,,Atendido,
Alagoinhas,NISP IV - BASICO - 08/2025,2025,,,Atendido,
Barreiras,NISP IV - BASICO - 08/2025,2025,,,Atendido,
Brumado,NISP IV - BASICO - 08/2025,2025,,,Atendido,
Cachoeira,NISP IV - BASICO - 08/2025,2025,,,Atendido,
Camacã,NISP IV - BASICO - 08/2025,2025,,,Não Atendido,Efetivo convocado não compareceu
Dário Meira,NISP IV - BASICO - 08/2025,2025,,,Atendido,
Feira de Santana,NISP IV - BASICO - 08/2025,2025,,,Atendido,
Itagi,NISP IV - BASICO - 08/2025,2025,,,Atendido,
Itamaraju,NISP IV - BASICO - 08/2025,2025,,,Atendido,
Jacobina,NISP IV - BASICO - 08/2025,2025,,,Atendido,
Jitaúna,NISP IV - BASICO - 08/2025,2025,,,Atendido,
Juazeiro,NISP IV - BASICO - 08/2025,2025,,,Atendido,
Macarani,NISP IV - BASICO - 08/2025,2025,,,Atendido,
Maragogipe,NISP IV - BASICO - 08/2025,2025,,,Atendido,
Monte Santo,NISP IV - BASICO - 08/2025,2025,,,Atendido,
Nazaré,NISP IV - BASICO - 08/2025,2025,,,Atendido,
Palmeiras,NISP IV - BASICO - 08/2025,2025,,,Atendido,
Planalto,NISP IV - BASICO - 08/2025,2025,,,Atendido,
Riachão das Neves,NISP IV - BASICO - 08/2025,2025,,,Atendido,
Salvador,NISP IV - BASICO - 08/2025,2025,,,Atendido,
São Francisco do Conde,NISP IV - BASICO - 08/2025,2025,,SIM,Não Atendido,Efetivo convocado não compareceu
São Gonçalo dos Campos,NISP IV - BASICO - 08/2025,2025,,SIM,Não Atendido,Efetivo convocado não compareceu
Senhor do Bonfim,NISP IV - BASICO - 08/2025,2025,,SIM,Não Atendido,Efetivo convocado não compareceu
Serra Dourada,NISP IV - BASICO - 08/2025,2025,,,Atendido,
Teixeira de Freitas,NISP IV - BASICO - 08/2025,2025,,,Atendido,
Tucano,NISP IV - BASICO - 08/2025,2025,,,Atendido,
Água Fria,NISP I - AVANÇADO - 04/2024,2024,,SIM,Não Atendido,Efetivo convocado não compareceu
Alagoinhas,NISP I - AVANÇADO - 04/2024,2024,,,Atendido,
Amargosa,NISP I - AVANÇADO - 04/2024,2024,,,Atendido,
Cairu,NISP I - AVANÇADO - 04/2024,2024,,,Atendido,
Candeias,NISP I - AVANÇADO - 04/2024,2024,,,Atendido,
Esplanada,NISP I - AVANÇADO - 04/2024,2024,,,Atendido,
Eunápolis,NISP I - AVANÇADO - 04/2024,2024,,,Atendido,
Fátima,NISP I - AVANÇADO - 04/2024,2024,,,Atendido,
Feira de Santana,NISP I - AVANÇADO - 04/2024,2024,,,Atendido,
Gandu,NISP I - AVANÇADO - 04/2024,2024,,,Atendido,
Ilhéus,NISP I - AVANÇADO - 04/2024,2024,,,Atendido,
Itabuna,NISP I - AVANÇADO - 04/2024,2024,,,Atendido,
Itagi,NISP I - AVANÇADO - 04/2024,2024,,,Atendido,
Jacobina,NISP I - AVANÇADO - 04/2024,2024,,,Atendido,
Jequié,NISP I - AVANÇADO - 04/2024,2024,,,Atendido,
Lauro de Freitas,NISP I - AVANÇADO - 04/2024,2024,,,Atendido,
Luís Eduardo Magalhães,NISP I - AVANÇADO - 04/2024,2024,,,Não Atendido,Efetivo convocado não compareceu
Mata de São João,NISP I - AVANÇADO - 04/2024,2024,,,Atendido,
Porto Seguro,NISP I - AVANÇADO - 04/2024,2024,,,Atendido,
Salvador,NISP I - AVANÇADO - 04/2024,2024,teste,,Atendido,
Santo Antônio de Jesus,NISP I - AVANÇADO - 04/2024,2024,,,Atendido,
Teixeira de Freitas,NISP I - AVANÇADO - 04/2024,2024,,,Atendido,
Vitória da Conquista,NISP I - AVANÇADO - 04/2024,2024,,,Atendido,
Casa Nova,NISP V - BÁSICO - 03/2026,2026,020.20177.2025.0017572-13,,Não Atendido,"Após solicitação do municipio em 31/07/2025, foi informado a disponibilidade para formação tão logo a guarda da cidade seja criada."
Caatiba,NISP V - BÁSICO - 03/2026,2026,020.4484.2025.0023961-02,,Em Andamento,Reserva prévia de duas de vagas
Condeúba,NISP V - BÁSICO - 03/2026,2026,020.4484.2025.0017054-71,,Em Andamento,Reserva prévia de duas de vagas
Ibicuí,NISP V - BÁSICO - 03/2026,2026,020.4484.2025.0019707-19,,Em Andamento,Reserva prévia de duas de vagas
Itabela,NISP V - BÁSICO - 03/2026,2026,020.4484.2025.0019708-91,,Em Andamento,Reserva prévia de duas de vagas
Jaborandi,NISP V - BÁSICO - 03/2026,2026,"020.2301.2025.0012719-61
",,Em Andamento,Reserva prévia de duas de vagas
Jeremoabo,NISP V - BÁSICO - 03/2026,2026,020.20177.2025.0026536-32,,Em Andamento,Reserva prévia de duas de vagas
Lafaiete Coutinho,NISP V - BÁSICO - 03/2026,2026,001.7313.2025.0010226-45,,Em Andamento,Reserva prévia de duas de vagas
Maiquinique,NISP V - BÁSICO - 03/2026,2026,020.4484.2025.0017379-17,,Em Andamento,Reserva prévia de duas de vagas
Miguel Calmon,NISP V - BÁSICO - 03/2026,2026,020.20177.2025.0026462-61,,Em Andamento,Reserva prévia de duas de vagas
Monte Santo,NISP V - BÁSICO - 03/2026,2026,020.20177.2025.0015169-41,,Em Andamento,Reserva prévia de duas de vagas
Ourolândia,NISP V - BÁSICO - 03/2026,2026,020.2301.2025.0021603-22,,Em Andamento,Reserva prévia de duas de vagas
Pedro Alexandre,NISP V - BÁSICO - 03/2026,2026,020.12859.2025.0019307-19,,Em Andamento,Reserva prévia de duas de vagas
Planalto,NISP V - BÁSICO - 03/2026,2026,020.20177.2025.0016024-31,,Em Andamento,Reserva prévia de duas de vagas
Queimadas,NISP V - BÁSICO - 03/2026,2026,001.10302.2025.0008696-09,,Em Andamento,Reserva prévia de duas de vagas
Terra Nova,NISP V - BÁSICO - 03/2026,2026,020.4484.2025.0023028-17,,Em Andamento,Reserva prévia de duas de vagas
Várzea Da Roça,NISP V - BÁSICO - 03/2026,2026,020.4484.2025.0026831-87,,Em Andamento,Reserva prévia de duas de vagas
Una,NISP V - BÁSICO - 03/2026,2026,020.2301.2025.0028151-91,,Em Andamento,Reserva prévia de duas de vagas